{
  "alpha": 0.6,
  "beta": 0.9,
  "C": 0.05,
  "sigma_psf": 1.8,
  "weight_power": 0.1,
  "N": 12100,
  "sigma_mad": 46.30526888555766,
  "AICc": {
    "FDB": 1212162.7178909066,
    "rot": 5437579.677190601,
    "shift": 1218240.2776636751,
    "shuffle": 4012849.690339625
  },
  "chi2": {
    "FDB": 1212158.7168989251,
    "rot": 5437577.676859967,
    "shift": 1218236.2766716937,
    "shuffle": 4012849.690339625
  },
  "delta": {
    "FDB_minus_rot": -4225416.959299695,
    "FDB_minus_shift": -6077.5597727685235,
    "FDB_minus_shuffle": -2800686.9724487183
  },
  "k": {
    "FDB": 2,
    "rot": 1,
    "shift": 2,
    "shuffle": 0
  },
  "sweep": [
    {
      "beta": 0.4,
      "AICc": 1567221.4952652778,
      "AICc_shift": 1557115.3921049386,
      "Delta_FDB_minus_shift": 10106.103160339175,
      "N": 12100
    },
    {
      "beta": 0.6,
      "AICc": 1656209.5547569997,
      "AICc_shift": 1645654.2086429698,
      "Delta_FDB_minus_shift": 10555.346114029875,
      "N": 12100
    },
    {
      "beta": 0.8,
      "AICc": 1749759.1836881102,
      "AICc_shift": 1738720.3848083187,
      "Delta_FDB_minus_shift": 11038.798879791517,
      "N": 12100
    },
    {
      "beta": 1.0,
      "AICc": 1817967.5106259705,
      "AICc_shift": 1806599.7693832624,
      "Delta_FDB_minus_shift": 11367.741242708173,
      "N": 12100
    }
  ],
  "audit": {
    "xcorr_shift_applied_pix": {
      "dy": 16.0,
      "dx": 37.0
    },
    "controls": {
      "shift_wrap_pix": {
        "dy": 12,
        "dx": -7
      },
      "rng_seed": 42
    }
  },
  "indicators": {
    "peak_offset_pix": 77.79460135510689,
    "peak_offset_pix_masked": 68.11754546370561,
    "mask_quantile": 0.75,
    "hp_peak_offset_pix": 67.00746227100382,
    "hp_sigma_pix": 6.0,
    "xcorr_shift_pix": 62.55097846951072,
    "xcorr_peak_offset_pix": 55.326304774492215,
    "peak_distance_kpc": 174.2058504593257,
    "hp_peak_distance_kpc": 150.05015449282342,
    "xcorr_peak_distance_kpc": 123.89247850268163,
    "shear_phase_cos": 0.31461774828227984,
    "corr_residual_sigmae": 0.16282012219128678,
    "spear_r": 0.2566818483039966,
    "spear_p": 2.5162762876707333e-181,
    "strata": {
      "p50": {
        "thr": 0.0,
        "spear_r": 0.2566818483039966,
        "p": 2.5162762876707333e-181,
        "n": 12100
      },
      "p75": {
        "thr": 0.006817607945465667,
        "spear_r": 0.04158037148623879,
        "p": 0.02219790877764659,
        "n": 3025
      },
      "p90": {
        "thr": 0.47504164079530636,
        "spear_r": 0.029204895341605513,
        "p": 0.3100770345841201,
        "n": 1210
      }
    },
    "roi_stats": {
      "global": {
        "pearson_r": 0.16282012219128678,
        "spear_r": 0.2566818483039966,
        "p": 2.5162762876707333e-181,
        "N": 12100
      },
      "core_r50": {
        "pearson_r": 0.2700127003202784,
        "spear_r": 0.4073729839126874,
        "p": 3.088161579694644e-241,
        "N": 6065
      },
      "outer_r75": {
        "pearson_r": 0.07378156226913624,
        "spear_r": 0.12228951526921546,
        "p": 1.3414340832123404e-11,
        "N": 3039
      }
    },
    "partial_r_given_r": {
      "global": 0.07202054946281332,
      "core_r50": 0.22645490852457348,
      "outer_r75": 0.0645959415276851,
      "pvals": {
        "global": 2.220446049250313e-15,
        "core_r50": 0.0,
        "outer_r75": 0.0003662981192604775
      },
      "N": {
        "global": 12100,
        "core_r50": 6065,
        "outer_r75": 3039
      }
    },
    "shadow_proj": {
      "pearson_r": 0.005574649998213548,
      "spear_r": 0.009171400555240485,
      "p": 0.31308444838332367
    },
    "S_shadow": {
      "values": {
        "global": -0.013885460927121156,
        "core_r50": NaN,
        "outer_r75": NaN
      },
      "perm": {
        "n": 0,
        "p_perm_one_sided_pos": NaN
      }
    },
    "boundary_band": {
      "neg_frac": NaN,
      "N": 0,
      "p_binom_two_sided": NaN
    },
    "perm_test": {
      "n": 5000,
      "effect_d": 1.4263369852197547,
      "p_perm_one_sided_neg": 0.9198160367926415
    },
    "bootstrap": {
      "n": 4096,
      "ci95": [
        0.14038368146225177,
        0.379406946118884
      ],
      "block_pix": 27
    },
    "aux_tot": {
      "spear_r_tot": 0.2543075140948934,
      "spear_p_tot": 6.526320452855803e-178,
      "spear_r_tot_p90": 0.025144175026979885,
      "spear_p_tot_p90": 0.3821859684058859
    },
    "pass": {
      "peak_distance_kpc": {
        "value": 174.2058504593257,
        "thr": 300.0,
        "pass": true
      },
      "peak_distance_kpc_highpass": {
        "value": 150.05015449282342,
        "thr": 300.0,
        "pass": true,
        "hp_sigma": 6.0
      },
      "shear_phase_cos": {
        "value": 0.31461774828227984,
        "thr": 0.2,
        "pass": true
      },
      "neg_corr_global": {
        "spear_r": 0.2566818483039966,
        "p": 2.5162762876707333e-181,
        "pass": false
      },
      "neg_corr_top10": {
        "spear_r": 0.029204895341605513,
        "p": 0.3100770345841201,
        "pass": false
      }
    }
  }
}