{
  "alpha": 0.6,
  "beta": 0.8,
  "C": 0.05,
  "sigma_psf": 1.8,
  "weight_power": 0.1,
  "N": 12100,
  "sigma_mad": 22.30966419148465,
  "AICc": {
    "FDB": 1177800.197851259,
    "rot": 5283329.547433567,
    "shift": 1183611.8760973578,
    "shuffle": 3892797.250686789
  },
  "chi2": {
    "FDB": 1177796.1968592776,
    "rot": 5283327.547102934,
    "shift": 1183607.8751053764,
    "shuffle": 3892797.250686789
  },
  "delta": {
    "FDB_minus_rot": -4105529.349582308,
    "FDB_minus_shift": -5811.678246098803,
    "FDB_minus_shuffle": -2714997.0528355297
  },
  "k": {
    "FDB": 2,
    "rot": 1,
    "shift": 2,
    "shuffle": 0
  },
  "sweep": [
    {
      "beta": 0.6,
      "AICc": 1004696.0850770448,
      "AICc_shift": 1004762.3030671466,
      "Delta_FDB_minus_shift": -66.21799010178074,
      "N": 12100
    },
    {
      "beta": 0.8,
      "AICc": 1047167.1069405519,
      "AICc_shift": 1047326.3346700512,
      "Delta_FDB_minus_shift": -159.22772949934006,
      "N": 12100
    },
    {
      "beta": 1.0,
      "AICc": 1084198.9496512692,
      "AICc_shift": 1084444.5824998186,
      "Delta_FDB_minus_shift": -245.6328485494014,
      "N": 12100
    }
  ],
  "audit": {
    "xcorr_shift_applied_pix": {
      "dy": 16.0,
      "dx": 37.0
    },
    "controls": {
      "shift_wrap_pix": {
        "dy": 12,
        "dx": -7
      },
      "rng_seed": 42
    }
  },
  "indicators": {
    "peak_offset_pix": 77.79460135510689,
    "peak_offset_pix_masked": 68.11754546370561,
    "mask_quantile": 0.75,
    "hp_peak_offset_pix": 67.00746227100382,
    "hp_sigma_pix": 9.0,
    "xcorr_shift_pix": 62.7289155878,
    "xcorr_peak_offset_pix": 55.326304774492215,
    "peak_distance_kpc": 174.2058504593257,
    "hp_peak_distance_kpc": 150.05015449282342,
    "xcorr_peak_distance_kpc": 123.89247850268163,
    "shear_phase_cos": 0.31474629782925645,
    "corr_residual_sigmae": 0.16299687569274968,
    "spear_r": 0.25773276863377553,
    "spear_p": 7.553921510284389e-183,
    "strata": {
      "p50": {
        "thr": 0.0,
        "spear_r": 0.25773276863377553,
        "p": 7.553921510284389e-183,
        "n": 12100
      },
      "p75": {
        "thr": 0.006817607945465667,
        "spear_r": 0.0436693437742695,
        "p": 0.01630717732140044,
        "n": 3025
      },
      "p90": {
        "thr": 0.47504164079530636,
        "spear_r": 0.03188822023047696,
        "p": 0.2677025346177559,
        "n": 1210
      }
    },
    "roi_stats": {
      "global": {
        "pearson_r": 0.16299687569274968,
        "spear_r": 0.25773276863377553,
        "p": 7.553921510284389e-183,
        "N": 12100
      },
      "core_r50": {
        "pearson_r": 0.27047483049155163,
        "spear_r": 0.40844689654582755,
        "p": 1.273082624425683e-242,
        "N": 6065
      },
      "outer_r75": {
        "pearson_r": 0.0737765549065578,
        "spear_r": 0.12215775278525201,
        "p": 1.4111787080344943e-11,
        "N": 3039
      }
    },
    "partial_r_given_r": {
      "global": 0.07233879930841719,
      "core_r50": 0.22708707927622457,
      "outer_r75": 0.0646152994802997,
      "pvals": {
        "global": 1.5543122344752192e-15,
        "core_r50": 0.0,
        "outer_r75": 0.0003648071665711683
      },
      "N": {
        "global": 12100,
        "core_r50": 6065,
        "outer_r75": 3039
      }
    },
    "shadow_proj": {
      "pearson_r": 0.005478823702468775,
      "spear_r": 0.009170644044003851,
      "p": 0.31312436702178237
    },
    "S_shadow": {
      "values": {
        "global": -0.0141673653614391,
        "core_r50": NaN,
        "outer_r75": NaN
      },
      "perm": {
        "n": 0,
        "p_perm_one_sided_pos": NaN
      }
    },
    "boundary_band": {
      "neg_frac": NaN,
      "N": 0,
      "p_binom_two_sided": NaN
    },
    "perm_test": {
      "n": 5000,
      "effect_d": 1.4314139357938191,
      "p_perm_one_sided_neg": 0.9206158768246351
    },
    "bootstrap": {
      "n": 4096,
      "ci95": [
        0.14110594627184067,
        0.3806504228399637
      ],
      "block_pix": 27
    },
    "aux_tot": {
      "spear_r_tot": 0.25380913066110034,
      "spear_p_tot": 3.362686605437076e-177,
      "spear_r_tot_p90": 0.02509226136055183,
      "spear_p_tot_p90": 0.38316972318230436
    },
    "pass": {
      "peak_distance_kpc": {
        "value": 174.2058504593257,
        "thr": 300.0,
        "pass": true
      },
      "peak_distance_kpc_highpass": {
        "value": 150.05015449282342,
        "thr": 300.0,
        "pass": true,
        "hp_sigma": 9.0
      },
      "shear_phase_cos": {
        "value": 0.31474629782925645,
        "thr": 0.2,
        "pass": true
      },
      "neg_corr_global": {
        "spear_r": 0.25773276863377553,
        "p": 7.553921510284389e-183,
        "pass": false
      },
      "neg_corr_top10": {
        "spear_r": 0.03188822023047696,
        "p": 0.2677025346177559,
        "pass": false
      }
    }
  }
}