{
  "alpha": 0.6,
  "beta": 0.9,
  "C": 0.05,
  "sigma_psf": 1.5,
  "weight_power": 0.1,
  "N": 12100,
  "sigma_mad": 45.91789512948788,
  "AICc": {
    "FDB": 1233033.6710262138,
    "rot": 5529611.960864237,
    "shift": 1239020.7472189104,
    "shuffle": 4084969.6053887336
  },
  "chi2": {
    "FDB": 1233029.6700342323,
    "rot": 5529609.960533603,
    "shift": 1239016.746226929,
    "shuffle": 4084969.6053887336
  },
  "delta": {
    "FDB_minus_rot": -4296578.289838023,
    "FDB_minus_shift": -5987.076192696579,
    "FDB_minus_shuffle": -2851935.9343625195
  },
  "k": {
    "FDB": 2,
    "rot": 1,
    "shift": 2,
    "shuffle": 0
  },
  "sweep": [
    {
      "beta": 0.8,
      "AICc": 1812931.687049736,
      "AICc_shift": 1801048.7410425402,
      "Delta_FDB_minus_shift": 11882.94600719586,
      "N": 12100
    }
  ],
  "audit": {
    "xcorr_shift_applied_pix": {
      "dy": 16.0,
      "dx": 37.0
    },
    "controls": {
      "shift_wrap_pix": {
        "dy": 12,
        "dx": -7
      },
      "rng_seed": 42
    }
  },
  "indicators": {
    "peak_offset_pix": 77.79460135510689,
    "peak_offset_pix_masked": 68.11754546370561,
    "mask_quantile": 0.75,
    "hp_peak_offset_pix": 67.00746227100382,
    "hp_sigma_pix": 7.0,
    "xcorr_shift_pix": 62.620953025893975,
    "xcorr_peak_offset_pix": 55.326304774492215,
    "peak_distance_kpc": 174.2058504593257,
    "hp_peak_distance_kpc": 150.05015449282342,
    "xcorr_peak_distance_kpc": 123.89247850268163,
    "shear_phase_cos": 0.3037009805541462,
    "corr_residual_sigmae": 0.1627090723913157,
    "spear_r": 0.25433777766652305,
    "spear_p": 5.9071922736084e-178,
    "strata": {
      "p50": {
        "thr": 0.0,
        "spear_r": 0.25433777766652305,
        "p": 5.9071922736084e-178,
        "n": 12100
      },
      "p75": {
        "thr": 0.006817607945465667,
        "spear_r": 0.040293869564861744,
        "p": 0.02668144551182246,
        "n": 3025
      },
      "p90": {
        "thr": 0.47504164079530636,
        "spear_r": 0.02839786948932144,
        "p": 0.3236428747161587,
        "n": 1210
      }
    },
    "roi_stats": {
      "global": {
        "pearson_r": 0.1627090723913157,
        "spear_r": 0.25433777766652305,
        "p": 5.9071922736084e-178,
        "N": 12100
      },
      "core_r50": {
        "pearson_r": 0.2700079352150605,
        "spear_r": 0.40771318927466776,
        "p": 1.1260194727033317e-241,
        "N": 6065
      },
      "outer_r75": {
        "pearson_r": 0.07373001287880936,
        "spear_r": 0.1221598253425801,
        "p": 1.4100546620139343e-11,
        "N": 3039
      }
    },
    "partial_r_given_r": {
      "global": 0.07200336230155996,
      "core_r50": 0.2265648834080091,
      "outer_r75": 0.06454687169885615,
      "pvals": {
        "global": 2.220446049250313e-15,
        "core_r50": 0.0,
        "outer_r75": 0.00037010303663365107
      },
      "N": {
        "global": 12100,
        "core_r50": 6065,
        "outer_r75": 3039
      }
    },
    "shadow_proj": {
      "pearson_r": 0.005626137221313897,
      "spear_r": 0.009453548584935767,
      "p": 0.298429973577947
    },
    "S_shadow": {
      "values": {
        "global": -0.013905757469150721,
        "core_r50": NaN,
        "outer_r75": NaN
      },
      "perm": {
        "n": 0,
        "p_perm_one_sided_pos": NaN
      }
    },
    "boundary_band": {
      "neg_frac": NaN,
      "N": 0,
      "p_binom_two_sided": NaN
    },
    "perm_test": {
      "n": 64,
      "effect_d": 1.3997182004228024,
      "p_perm_one_sided_neg": 0.8923076923076924
    },
    "bootstrap": {},
    "aux_tot": {
      "spear_r_tot": 0.2517127781006351,
      "spear_p_tot": 3.1937924246871185e-174,
      "spear_r_tot_p90": 0.02398171261174182,
      "spear_p_tot_p90": 0.4045837432071888
    },
    "pass": {
      "peak_distance_kpc": {
        "value": 174.2058504593257,
        "thr": 300.0,
        "pass": true
      },
      "peak_distance_kpc_highpass": {
        "value": 150.05015449282342,
        "thr": 300.0,
        "pass": true,
        "hp_sigma": 7.0
      },
      "shear_phase_cos": {
        "value": 0.3037009805541462,
        "thr": 0.2,
        "pass": true
      },
      "neg_corr_global": {
        "spear_r": 0.25433777766652305,
        "p": 5.9071922736084e-178,
        "pass": false
      },
      "neg_corr_top10": {
        "spear_r": 0.02839786948932144,
        "p": 0.3236428747161587,
        "pass": false
      }
    }
  }
}