{
  "alpha": 0.6,
  "beta": 0.5,
  "C": 0.05,
  "sigma_psf": 1.8,
  "weight_power": 0.1,
  "N": 12100,
  "sigma_mad": 38.236320149880655,
  "AICc": {
    "FDB": 1223720.5410461733,
    "rot": 5491718.598615789,
    "shift": 1228955.1889432876,
    "shuffle": 4051684.474386328
  },
  "chi2": {
    "FDB": 1223716.5400541918,
    "rot": 5491716.598285155,
    "shift": 1228951.187951306,
    "shuffle": 4051684.474386328
  },
  "delta": {
    "FDB_minus_rot": -4267998.057569616,
    "FDB_minus_shift": -5234.647897114279,
    "FDB_minus_shuffle": -2827963.9333401546
  },
  "k": {
    "FDB": 2,
    "rot": 1,
    "shift": 2,
    "shuffle": 0
  },
  "sweep": [
    {
      "beta": 0.7,
      "AICc": 1649879.1666896795,
      "AICc_shift": 1639945.4078504299,
      "Delta_FDB_minus_shift": 9933.75883924961,
      "N": 12100
    },
    {
      "beta": 0.8,
      "AICc": 1695679.5218826623,
      "AICc_shift": 1685523.9037996903,
      "Delta_FDB_minus_shift": 10155.61808297201,
      "N": 12100
    },
    {
      "beta": 0.9,
      "AICc": 1732440.2420310045,
      "AICc_shift": 1722115.6808002454,
      "Delta_FDB_minus_shift": 10324.561230759136,
      "N": 12100
    }
  ],
  "audit": {
    "xcorr_shift_applied_pix": {
      "dy": 16.0,
      "dx": 37.0
    },
    "controls": {
      "shift_wrap_pix": {
        "dy": 12,
        "dx": -7
      },
      "rng_seed": 42
    }
  },
  "indicators": {
    "peak_offset_pix": 77.79460135510689,
    "peak_offset_pix_masked": 68.11754546370561,
    "mask_quantile": 0.75,
    "hp_peak_offset_pix": 67.00746227100382,
    "hp_sigma_pix": 7.0,
    "xcorr_shift_pix": 62.62132221991029,
    "xcorr_peak_offset_pix": 55.326304774492215,
    "peak_distance_kpc": 174.2058504593257,
    "hp_peak_distance_kpc": 150.05015449282342,
    "xcorr_peak_distance_kpc": 123.89247850268163,
    "shear_phase_cos": 0.3143835442782873,
    "corr_residual_sigmae": 0.16266217476562322,
    "spear_r": 0.25671545123374173,
    "spear_p": 2.250005884121099e-181,
    "strata": {
      "p50": {
        "thr": 0.0,
        "spear_r": 0.25671545123374173,
        "p": 2.250005884121099e-181,
        "n": 12100
      },
      "p75": {
        "thr": 0.006817607945465667,
        "spear_r": 0.041820154872484236,
        "p": 0.021438923489550555,
        "n": 3025
      },
      "p90": {
        "thr": 0.47504164079530636,
        "spear_r": 0.029591020169923852,
        "p": 0.30372099087124177,
        "n": 1210
      }
    },
    "roi_stats": {
      "global": {
        "pearson_r": 0.16266217476562322,
        "spear_r": 0.25671545123374173,
        "p": 2.250005884121099e-181,
        "N": 12100
      },
      "core_r50": {
        "pearson_r": 0.26948789161132813,
        "spear_r": 0.40750652424588246,
        "p": 2.0786093962660735e-241,
        "N": 6065
      },
      "outer_r75": {
        "pearson_r": 0.07374547034496913,
        "spear_r": 0.12226749830407474,
        "p": 1.3528486095904368e-11,
        "N": 3039
      }
    },
    "partial_r_given_r": {
      "global": 0.07183618264919421,
      "core_r50": 0.2259094327312612,
      "outer_r75": 0.06455598721987717,
      "pvals": {
        "global": 2.6645352591003757e-15,
        "core_r50": 0.0,
        "outer_r75": 0.00036939342977815315
      },
      "N": {
        "global": 12100,
        "core_r50": 6065,
        "outer_r75": 3039
      }
    },
    "shadow_proj": {
      "pearson_r": 0.005529825271075959,
      "spear_r": 0.009167374881608646,
      "p": 0.31329690861441617
    },
    "S_shadow": {
      "values": {
        "global": -0.013934281808137172,
        "core_r50": NaN,
        "outer_r75": NaN
      },
      "perm": {
        "n": 0,
        "p_perm_one_sided_pos": NaN
      }
    },
    "boundary_band": {
      "neg_frac": NaN,
      "N": 0,
      "p_binom_two_sided": NaN
    },
    "perm_test": {
      "n": 5000,
      "effect_d": 1.4264986584046924,
      "p_perm_one_sided_neg": 0.9198160367926415
    },
    "bootstrap": {
      "n": 4096,
      "ci95": [
        0.14040874937614103,
        0.3794807584077731
      ],
      "block_pix": 27
    },
    "aux_tot": {
      "spear_r_tot": 0.25403588926430687,
      "spear_p_tot": 1.5955969964266306e-177,
      "spear_r_tot_p90": 0.024994459237284408,
      "spear_p_tot_p90": 0.385027259751228
    },
    "pass": {
      "peak_distance_kpc": {
        "value": 174.2058504593257,
        "thr": 300.0,
        "pass": true
      },
      "peak_distance_kpc_highpass": {
        "value": 150.05015449282342,
        "thr": 300.0,
        "pass": true,
        "hp_sigma": 7.0
      },
      "shear_phase_cos": {
        "value": 0.3143835442782873,
        "thr": 0.2,
        "pass": true
      },
      "neg_corr_global": {
        "spear_r": 0.25671545123374173,
        "p": 2.250005884121099e-181,
        "pass": false
      },
      "neg_corr_top10": {
        "spear_r": 0.029591020169923852,
        "p": 0.30372099087124177,
        "pass": false
      }
    }
  }
}