{
  "alpha": 0.6,
  "beta": 0.8,
  "C": 0.05,
  "sigma_psf": 1.5,
  "weight_power": 0.1,
  "N": 12100,
  "sigma_mad": 22.067607361758558,
  "AICc": {
    "FDB": 1204111.6519932551,
    "rot": 5399761.646932384,
    "shift": 1209864.1715992405,
    "shuffle": 3982749.974454174
  },
  "chi2": {
    "FDB": 1204107.6510012737,
    "rot": 5399759.6466017505,
    "shift": 1209860.170607259,
    "shuffle": 3982749.974454174
  },
  "delta": {
    "FDB_minus_rot": -4195649.994939129,
    "FDB_minus_shift": -5752.519605985377,
    "FDB_minus_shuffle": -2778638.3224609187
  },
  "k": {
    "FDB": 2,
    "rot": 1,
    "shift": 2,
    "shuffle": 0
  },
  "sweep": [
    {
      "beta": 0.6,
      "AICc": 1019138.5933900013,
      "AICc_shift": 1019057.4186710746,
      "Delta_FDB_minus_shift": 81.17471892677713,
      "N": 12100
    },
    {
      "beta": 0.8,
      "AICc": 1056925.143918916,
      "AICc_shift": 1056930.7999673851,
      "Delta_FDB_minus_shift": -5.656048469245434,
      "N": 12100
    }
  ],
  "audit": {
    "xcorr_shift_applied_pix": {
      "dy": 16.0,
      "dx": 37.0
    },
    "controls": {
      "shift_wrap_pix": {
        "dy": 12,
        "dx": -7
      },
      "rng_seed": 42
    }
  },
  "indicators": {
    "peak_offset_pix": 77.79460135510689,
    "peak_offset_pix_masked": 68.11754546370561,
    "mask_quantile": 0.75,
    "hp_peak_offset_pix": 67.00746227100382,
    "hp_sigma_pix": 7.0,
    "xcorr_shift_pix": 62.61946613141036,
    "xcorr_peak_offset_pix": 55.326304774492215,
    "peak_distance_kpc": 174.2058504593257,
    "hp_peak_distance_kpc": 150.05015449282342,
    "xcorr_peak_distance_kpc": 123.89247850268163,
    "shear_phase_cos": 0.30385541434458996,
    "corr_residual_sigmae": 0.16288498175183375,
    "spear_r": 0.25560008673396845,
    "spear_p": 9.133379812689842e-180,
    "strata": {
      "p50": {
        "thr": 0.0,
        "spear_r": 0.25560008673396845,
        "p": 9.133379812689842e-180,
        "n": 12100
      },
      "p75": {
        "thr": 0.006817607945465667,
        "spear_r": 0.04299588584580009,
        "p": 0.018035429905229383,
        "n": 3025
      },
      "p90": {
        "thr": 0.47504164079530636,
        "spear_r": 0.031799779365952185,
        "p": 0.2690325157718235,
        "n": 1210
      }
    },
    "roi_stats": {
      "global": {
        "pearson_r": 0.16288498175183375,
        "spear_r": 0.25560008673396845,
        "p": 9.133379812689842e-180,
        "N": 12100
      },
      "core_r50": {
        "pearson_r": 0.270473369312925,
        "spear_r": 0.4089808309846878,
        "p": 2.596772353491287e-243,
        "N": 6065
      },
      "outer_r75": {
        "pearson_r": 0.07372463817911448,
        "spear_r": 0.1220211138199353,
        "p": 1.4872519688614715e-11,
        "N": 3039
      }
    },
    "partial_r_given_r": {
      "global": 0.07232279535550283,
      "core_r50": 0.2272031514789099,
      "outer_r75": 0.06456600404468332,
      "pvals": {
        "global": 1.7763568394002505e-15,
        "core_r50": 0.0,
        "outer_r75": 0.0003686151262520809
      },
      "N": {
        "global": 12100,
        "core_r50": 6065,
        "outer_r75": 3039
      }
    },
    "shadow_proj": {
      "pearson_r": 0.005534361155777304,
      "spear_r": 0.009472039214235688,
      "p": 0.2974858466661821
    },
    "S_shadow": {
      "values": {
        "global": -0.014251400120617602,
        "core_r50": NaN,
        "outer_r75": NaN
      },
      "perm": {
        "n": 0,
        "p_perm_one_sided_pos": NaN
      }
    },
    "boundary_band": {
      "neg_frac": NaN,
      "N": 0,
      "p_binom_two_sided": NaN
    },
    "perm_test": {
      "n": 512,
      "effect_d": 1.4304037553943179,
      "p_perm_one_sided_neg": 0.9259259259259259
    },
    "bootstrap": {},
    "aux_tot": {
      "spear_r_tot": 0.251083074688937,
      "spear_p_tot": 2.4732120673959668e-173,
      "spear_r_tot_p90": 0.023840690870958192,
      "spear_p_tot_p90": 0.407353223513365
    },
    "pass": {
      "peak_distance_kpc": {
        "value": 174.2058504593257,
        "thr": 300.0,
        "pass": true
      },
      "peak_distance_kpc_highpass": {
        "value": 150.05015449282342,
        "thr": 300.0,
        "pass": true,
        "hp_sigma": 7.0
      },
      "shear_phase_cos": {
        "value": 0.30385541434458996,
        "thr": 0.2,
        "pass": true
      },
      "neg_corr_global": {
        "spear_r": 0.25560008673396845,
        "p": 9.133379812689842e-180,
        "pass": false
      },
      "neg_corr_top10": {
        "spear_r": 0.031799779365952185,
        "p": 0.2690325157718235,
        "pass": false
      }
    }
  }
}