{
  "alpha": 0.6,
  "beta": 0.3,
  "C": 0.05,
  "sigma_psf": 1.8,
  "weight_power": 0.1,
  "N": 12100,
  "sigma_mad": 34.22717429844457,
  "AICc": {
    "FDB": 1178634.372148703,
    "rot": 5288016.730655692,
    "shift": 1183544.7694704179,
    "shuffle": 3895137.9216762516
  },
  "chi2": {
    "FDB": 1178630.3711567216,
    "rot": 5288014.730325058,
    "shift": 1183540.7684784364,
    "shuffle": 3895137.9216762516
  },
  "delta": {
    "FDB_minus_rot": -4109382.3585069887,
    "FDB_minus_shift": -4910.397321714787,
    "FDB_minus_shuffle": -2716503.5495275483
  },
  "k": {
    "FDB": 2,
    "rot": 1,
    "shift": 2,
    "shuffle": 0
  },
  "sweep": [
    {
      "beta": 0.4,
      "AICc": 1567221.4952652778,
      "AICc_shift": 1557115.3921049386,
      "Delta_FDB_minus_shift": 10106.103160339175,
      "N": 12100
    },
    {
      "beta": 0.6,
      "AICc": 1656209.5547569997,
      "AICc_shift": 1645654.2086429698,
      "Delta_FDB_minus_shift": 10555.346114029875,
      "N": 12100
    },
    {
      "beta": 0.8,
      "AICc": 1749759.1836881102,
      "AICc_shift": 1738720.3848083187,
      "Delta_FDB_minus_shift": 11038.798879791517,
      "N": 12100
    },
    {
      "beta": 1.0,
      "AICc": 1817967.5106259705,
      "AICc_shift": 1806599.7693832624,
      "Delta_FDB_minus_shift": 11367.741242708173,
      "N": 12100
    }
  ],
  "audit": {
    "xcorr_shift_applied_pix": {
      "dy": 16.0,
      "dx": 37.0
    },
    "controls": {
      "shift_wrap_pix": {
        "dy": 12,
        "dx": -7
      },
      "rng_seed": 42
    }
  },
  "indicators": {
    "peak_offset_pix": 77.79460135510689,
    "peak_offset_pix_masked": 68.11754546370561,
    "mask_quantile": 0.75,
    "hp_peak_offset_pix": 67.00746227100382,
    "hp_sigma_pix": 8.0,
    "xcorr_shift_pix": 62.67488814646625,
    "xcorr_peak_offset_pix": 55.326304774492215,
    "peak_distance_kpc": 174.2058504593257,
    "hp_peak_distance_kpc": 150.05015449282342,
    "xcorr_peak_distance_kpc": 123.89247850268163,
    "shear_phase_cos": 0.31453733872041995,
    "corr_residual_sigmae": 0.16288021769120473,
    "spear_r": 0.2567564839504543,
    "spear_p": 1.962723152807391e-181,
    "strata": {
      "p50": {
        "thr": 0.0,
        "spear_r": 0.2567564839504543,
        "p": 1.962723152807391e-181,
        "n": 12100
      },
      "p75": {
        "thr": 0.006817607945465667,
        "spear_r": 0.042048286429964485,
        "p": 0.020737887819395902,
        "n": 3025
      },
      "p90": {
        "thr": 0.47504164079530636,
        "spear_r": 0.02978575738236386,
        "p": 0.3005484290008464,
        "n": 1210
      }
    },
    "roi_stats": {
      "global": {
        "pearson_r": 0.16288021769120473,
        "spear_r": 0.2567564839504543,
        "p": 1.962723152807391e-181,
        "N": 12100
      },
      "core_r50": {
        "pearson_r": 0.2702748334634258,
        "spear_r": 0.4076451410368752,
        "p": 1.3779289284713532e-241,
        "N": 6065
      },
      "outer_r75": {
        "pearson_r": 0.07373524259419521,
        "spear_r": 0.12220897082129518,
        "p": 1.3836560685776024e-11,
        "N": 3039
      }
    },
    "partial_r_given_r": {
      "global": 0.07230055874738854,
      "core_r50": 0.227081569276125,
      "outer_r75": 0.06456678355110262,
      "pvals": {
        "global": 1.5543122344752192e-15,
        "core_r50": 0.0,
        "outer_r75": 0.00036855462320550814
      },
      "N": {
        "global": 12100,
        "core_r50": 6065,
        "outer_r75": 3039
      }
    },
    "shadow_proj": {
      "pearson_r": 0.0054065510526057434,
      "spear_r": 0.00920145355158344,
      "p": 0.31150135959994646
    },
    "S_shadow": {
      "values": {
        "global": -0.013970811159670148,
        "core_r50": NaN,
        "outer_r75": NaN
      },
      "perm": {
        "n": 0,
        "p_perm_one_sided_pos": NaN
      }
    },
    "boundary_band": {
      "neg_frac": NaN,
      "N": 0,
      "p_binom_two_sided": NaN
    },
    "perm_test": {
      "n": 5000,
      "effect_d": 1.426019272258209,
      "p_perm_one_sided_neg": 0.9198160367926415
    },
    "bootstrap": {
      "n": 4096,
      "ci95": [
        0.140475322662213,
        0.3795312698834422
      ],
      "block_pix": 27
    },
    "aux_tot": {
      "spear_r_tot": 0.2538472499785705,
      "spear_p_tot": 2.9667643089069373e-177,
      "spear_r_tot_p90": 0.024833685376027894,
      "spear_p_tot_p90": 0.38809272889455926
    },
    "pass": {
      "peak_distance_kpc": {
        "value": 174.2058504593257,
        "thr": 300.0,
        "pass": true
      },
      "peak_distance_kpc_highpass": {
        "value": 150.05015449282342,
        "thr": 300.0,
        "pass": true,
        "hp_sigma": 8.0
      },
      "shear_phase_cos": {
        "value": 0.31453733872041995,
        "thr": 0.2,
        "pass": true
      },
      "neg_corr_global": {
        "spear_r": 0.2567564839504543,
        "p": 1.962723152807391e-181,
        "pass": false
      },
      "neg_corr_top10": {
        "spear_r": 0.02978575738236386,
        "p": 0.3005484290008464,
        "pass": false
      }
    }
  }
}