{
  "alpha": 0.6,
  "beta": 0.3,
  "C": 0.05,
  "sigma_psf": 1.8,
  "weight_power": 0.1,
  "N": 12100,
  "sigma_mad": 25.804547214160895,
  "AICc": {
    "FDB": 1216422.6894563122,
    "rot": 5459709.685280623,
    "shift": 1221076.1926218073,
    "shuffle": 4025500.697810672
  },
  "chi2": {
    "FDB": 1216418.6884643307,
    "rot": 5459707.684949989,
    "shift": 1221072.1916298259,
    "shuffle": 4025500.697810672
  },
  "delta": {
    "FDB_minus_rot": -4243286.995824311,
    "FDB_minus_shift": -4653.503165495116,
    "FDB_minus_shuffle": -2809078.0083543602
  },
  "k": {
    "FDB": 2,
    "rot": 1,
    "shift": 2,
    "shuffle": 0
  },
  "sweep": [
    {
      "beta": 0.6,
      "AICc": 1677665.9740197244,
      "AICc_shift": 1666646.52625108,
      "Delta_FDB_minus_shift": 11019.44776864443,
      "N": 12100
    },
    {
      "beta": 0.8,
      "AICc": 1772762.6209870325,
      "AICc_shift": 1761230.6660915713,
      "Delta_FDB_minus_shift": 11531.954895461211,
      "N": 12100
    },
    {
      "beta": 1.0,
      "AICc": 1842037.2386833492,
      "AICc_shift": 1830155.495846528,
      "Delta_FDB_minus_shift": 11881.742836821126,
      "N": 12100
    }
  ],
  "audit": {
    "xcorr_shift_applied_pix": {
      "dy": 16.0,
      "dx": 37.0
    },
    "controls": {
      "shift_wrap_pix": {
        "dy": 12,
        "dx": -7
      },
      "rng_seed": 42
    }
  },
  "indicators": {
    "peak_offset_pix": 77.79460135510689,
    "peak_offset_pix_masked": 68.11754546370561,
    "mask_quantile": 0.75,
    "hp_peak_offset_pix": 67.00746227100382,
    "hp_sigma_pix": 9.0,
    "xcorr_shift_pix": 62.725452932877566,
    "xcorr_peak_offset_pix": 55.326304774492215,
    "peak_distance_kpc": 174.2058504593257,
    "hp_peak_distance_kpc": 150.05015449282342,
    "xcorr_peak_distance_kpc": 123.89247850268163,
    "shear_phase_cos": 0.31429964940102156,
    "corr_residual_sigmae": 0.16262720650309687,
    "spear_r": 0.25720855906008727,
    "spear_p": 4.350502351398795e-182,
    "strata": {
      "p50": {
        "thr": 0.0,
        "spear_r": 0.25720855906008727,
        "p": 4.350502351398795e-182,
        "n": 12100
      },
      "p75": {
        "thr": 0.006817607945465667,
        "spear_r": 0.042920294078338035,
        "p": 0.018239085651128924,
        "n": 3025
      },
      "p90": {
        "thr": 0.47504164079530636,
        "spear_r": 0.030983422736592867,
        "p": 0.281522859673354,
        "n": 1210
      }
    },
    "roi_stats": {
      "global": {
        "pearson_r": 0.16262720650309687,
        "spear_r": 0.25720855906008727,
        "p": 4.350502351398795e-182,
        "N": 12100
      },
      "core_r50": {
        "pearson_r": 0.2693515741100013,
        "spear_r": 0.4080575780164832,
        "p": 4.050265916607363e-242,
        "N": 6065
      },
      "outer_r75": {
        "pearson_r": 0.07372415067086016,
        "spear_r": 0.12218846807641374,
        "p": 1.3946098149950882e-11,
        "N": 3039
      }
    },
    "partial_r_given_r": {
      "global": 0.07183014358534238,
      "core_r50": 0.2258262649253302,
      "outer_r75": 0.06454109861616317,
      "pvals": {
        "global": 2.4424906541753444e-15,
        "core_r50": 0.0,
        "outer_r75": 0.000370553106625815
      },
      "N": {
        "global": 12100,
        "core_r50": 6065,
        "outer_r75": 3039
      }
    },
    "shadow_proj": {
      "pearson_r": 0.0054607434984861375,
      "spear_r": 0.009162875843738514,
      "p": 0.31353446352796244
    },
    "S_shadow": {
      "values": {
        "global": -0.014084379313714843,
        "core_r50": NaN,
        "outer_r75": NaN
      },
      "perm": {
        "n": 0,
        "p_perm_one_sided_pos": NaN
      }
    },
    "boundary_band": {
      "neg_frac": NaN,
      "N": 0,
      "p_binom_two_sided": NaN
    },
    "perm_test": {
      "n": 5000,
      "effect_d": 1.4290126100206153,
      "p_perm_one_sided_neg": 0.9200159968006398
    },
    "bootstrap": {
      "n": 4096,
      "ci95": [
        0.14077414595678348,
        0.3800840681303896
      ],
      "block_pix": 27
    },
    "aux_tot": {
      "spear_r_tot": 0.25365308666492536,
      "spear_p_tot": 5.61427246164154e-177,
      "spear_r_tot_p90": 0.024929137024053853,
      "spear_p_tot_p90": 0.38627096870059907
    },
    "pass": {
      "peak_distance_kpc": {
        "value": 174.2058504593257,
        "thr": 300.0,
        "pass": true
      },
      "peak_distance_kpc_highpass": {
        "value": 150.05015449282342,
        "thr": 300.0,
        "pass": true,
        "hp_sigma": 9.0
      },
      "shear_phase_cos": {
        "value": 0.31429964940102156,
        "thr": 0.2,
        "pass": true
      },
      "neg_corr_global": {
        "spear_r": 0.25720855906008727,
        "p": 4.350502351398795e-182,
        "pass": false
      },
      "neg_corr_top10": {
        "spear_r": 0.030983422736592867,
        "p": 0.281522859673354,
        "pass": false
      }
    }
  }
}