{
  "galaxy": "DDO154",
  "footnote": "N=12, k=2, rχ²=0.897, AICc=10.3, ΔAICc(IF/GRDM/MOND)=+184.3/+62.7/+44.2, σ_floor=clip(0.03×V,3..7) km/s, rng=42, shared_sha=aa694c7f90ea",
  "baseline": {
    "AICc": 10.301335125431413,
    "rchi2": 0.8968001792098079,
    "N": 12,
    "k": 2
  },
  "dAICc": {
    "FDB_IF": 184.33107637375514,
    "GRDM": 62.726507261088166,
    "MOND": 44.221039871204376
  }
}