{
  "galaxy": "DDO161",
  "footnote": "N=31, k=2, rχ²=1.463, AICc=42.9, ΔAICc(IF/GRDM/MOND)=+304.5/+196.0/+1636.0, σ_floor=clip(0.03×V,3..7) km/s, rng=42, shared_sha=aa694c7f90ea",
  "baseline": {
    "AICc": 42.85666167029654,
    "rchi2": 1.4630375945422451,
    "N": 31,
    "k": 2
  },
  "dAICc": {
    "FDB_IF": 304.5040672177273,
    "GRDM": 195.9955811525883,
    "MOND": 1636.0019524367403
  }
}