{
  "galaxy": "NGC2403",
  "footnote": "N=73, k=2, rχ²=4.533, AICc=322.0, ΔAICc(IF/GRDM/MOND)=-184.6/-255.9/-248.5, σ_floor=clip(0.03×V,3..7) km/s, rng=42, shared_sha=aa694c7f90ea",
  "baseline": {
    "AICc": 322.00638380034985,
    "rchi2": 4.532886693365088,
    "N": 73,
    "k": 2
  },
  "dAICc": {
    "FDB_IF": -184.6456852746736,
    "GRDM": -255.9362710777568,
    "MOND": -248.5088723234357
  }
}