{
  "galaxy": "NGC3198",
  "footnote": "N=43, k=2, rχ²=3.099, AICc=127.3, ΔAICc(IF/GRDM/MOND)=+63.1/-40.8/+59.4, σ_floor=clip(0.03×V,3..7) km/s, rng=42, shared_sha=aa694c7f90ea",
  "baseline": {
    "AICc": 127.34432701864024,
    "rchi2": 3.0986421224058596,
    "N": 43,
    "k": 2
  },
  "dAICc": {
    "FDB_IF": 63.13581707999349,
    "GRDM": -40.82025692520797,
    "MOND": 59.40858742348384
  }
}