{
  "galaxy": "NGC7331",
  "footnote": "N=36, k=2, rχ²=0.177, AICc=6.4, ΔAICc(IF/GRDM/MOND)=+681.7/+9.3/+7.3, σ_floor=clip(0.03×V,3..7) km/s, rng=42, shared_sha=aa694c7f90ea",
  "baseline": {
    "AICc": 6.386986662383511,
    "rchi2": 0.1771573617278573,
    "N": 36,
    "k": 2
  },
  "dAICc": {
    "FDB_IF": 681.6879727042258,
    "GRDM": 9.30356995826886,
    "MOND": 7.31061388079723
  }
}