{
  "galaxy": "UGC06787",
  "footnote": "N=71, k=2, rχ²=1.526, AICc=105.5, ΔAICc(IF/GRDM/MOND)=+3042.7/+21.5/+405.1, σ_floor=clip(0.03×V,3..7) km/s, rng=42, shared_sha=aa694c7f90ea",
  "baseline": {
    "AICc": 105.46889471404188,
    "rchi2": 1.5259771612435737,
    "N": 71,
    "k": 2
  },
  "dAICc": {
    "FDB_IF": 3042.72634654405,
    "GRDM": 21.508105978063952,
    "MOND": 405.0820116089532
  }
}