{
  "alpha": 0.6,
  "beta": 0.3,
  "C": 0.05,
  "sigma_psf": 1.5,
  "weight_power": 0.0,
  "N": 1503076,
  "N_eff": 93747,
  "block_pix": 4,
  "AICc": {
    "FDB": 48530242.85608201,
    "rot": 61615831.52312538,
    "shift": 49132001.74370705,
    "shuffle": 28478363.391311392
  },
  "chi2": {
    "FDB": 48530238.855954,
    "rot": 61615829.52308271,
    "shift": 49131997.743579045,
    "shuffle": 28478363.391311392
  },
  "rchi2": {
    "FDB": 32.28732507910721,
    "rot": 40.99318365556124,
    "shift": 32.68767721587829,
    "shuffle": 18.946722182585173
  },
  "delta": {
    "FDB_minus_rot": -13085588.667043373,
    "FDB_minus_shift": -601758.8876250461,
    "FDB_minus_shuffle": 20051879.464770615
  },
  "k": {
    "FDB": 2,
    "rot": 1,
    "shift": 2,
    "shuffle": 0
  },
  "sweep": [
    {
      "beta": 0.3,
      "AICc": 22411968.346758798,
      "AICc_shift": 22428049.010747436,
      "Delta_FDB_minus_shift": -16080.66398863867,
      "N": 2250000
    },
    {
      "beta": 0.5,
      "AICc": 23397058.809429076,
      "AICc_shift": 23412762.37480961,
      "Delta_FDB_minus_shift": -15703.56538053602,
      "N": 2250000
    },
    {
      "beta": 0.7,
      "AICc": 24259622.673903137,
      "AICc_shift": 24274827.521492258,
      "Delta_FDB_minus_shift": -15204.847589120269,
      "N": 2250000
    },
    {
      "beta": 0.9,
      "AICc": 25034217.79410501,
      "AICc_shift": 25048842.34981096,
      "Delta_FDB_minus_shift": -14624.55570595339,
      "N": 2250000
    }
  ],
  "audit": {
    "xcorr_shift_applied_pix": {
      "dy": 368.0,
      "dx": 368.0
    },
    "controls": {
      "shift_wrap_pix": {
        "dy": 12,
        "dx": -7
      },
      "rng_seed": 42
    }
  },
  "processing": {
    "psf_grid": [
      {
        "sigma_psf": 1.5,
        "weight_power": 0.0,
        "AICc_FDB": 48530242.85608201,
        "AICc_shift": 49132001.74370705,
        "delta_FDB_minus_shift": -601758.8876250461,
        "N": 1503076,
        "N_eff": 93747,
        "sigma_floor": 0.6,
        "sigma_scale": 0.6,
        "rho_sum_pos": 7.516632117348381,
        "block_pix_est": 4,
        "align_offset_dy": 0.0,
        "align_offset_dx": 0.0,
        "mask_quantile": 0.7
      }
    ],
    "highpass_grid": [
      {
        "sigma_highpass": 1.0,
        "peak_offset_pix": 601.8056164576732
      }
    ],
    "beta_candidates": [
      0.3,
      0.5,
      0.7,
      0.9
    ],
    "alignment": {
      "method": "lanczos3",
      "dy_pix": 368.0,
      "dx_pix": 368.0,
      "rng_seed": 42
    },
    "fast_mode": false,
    "downsample": 1,
    "dtype": "float64",
    "band_limits": [
      [
        8.0,
        16.0
      ]
    ],
    "se_transform": "none",
    "mask_quantile": 0.7,
    "mask_standard": "top75",
    "mask_robustness": [
      "coverage",
      "top50",
      "top75",
      "top90"
    ],
    "roi_definition": {
      "core_r50": "r <= r50",
      "outer_r75": "r >= r75"
    },
    "block_pix": 4,
    "N_eff": 93747,
    "trim_frac": 0.09,
    "trim_iter": 2,
    "sigma_floor": 0.6,
    "sigma_scale": 0.6,
    "rho_sum_pos": 7.516632117348381,
    "perm": {
      "target": 5000,
      "min": 5000,
      "max": 5000,
      "early_stop": false
    },
    "fair_counts": {
      "N": 7396,
      "N_eff": 489,
      "block_pix": 4
    },
    "fair_alignment": {
      "method": "lanczos3",
      "dy_pix": 28.0,
      "dx_pix": 48.0,
      "rng_seed": 42
    },
    "fair_wrap": {
      "dy": 12,
      "dx": -7
    },
    "fair_k_map": {
      "FDB": 2,
      "rot": 1,
      "shift": 2,
      "shuffle": 0
    },
    "fairness_meta": {
      "path": "config/fair.json",
      "sha256": "56f181ae91220909fff30b8ed920503df575a3e9a66b7170f1ab1fbc22d0a814",
      "sha12": "56f181ae9122"
    },
    "command_line": "scripts/reports/make_bullet_holdout.py --train Abell1689,CL0024 --holdout AbellS1063 --band 8-16 --perm-n 5000 --perm-min 5000 --perm-max 5000 --block-pix 6",
    "progress_log": "server/public/reports/cluster/AbellS1063_progress.log"
  },
  "wls": {
    "sigma0": 0.6,
    "c": 0.6,
    "block_pix": 4,
    "trim_frac": 0.09,
    "trim_iter": 2,
    "rho_sum_pos_mean": 7.608186660887701
  },
  "indicators": {
    "peak_offset_pix": 247.67922803497268,
    "peak_offset_pix_masked": 246.73872821265817,
    "mask_quantile": 0.7,
    "hp_peak_offset_pix": 601.8056164576732,
    "hp_sigma_pix": 1.0,
    "xcorr_shift_pix": 596.3985459555762,
    "xcorr_peak_offset_pix": 895.2072385766326,
    "peak_distance_kpc": 4224.384417850034,
    "hp_peak_distance_kpc": 10264.317637405822,
    "xcorr_peak_distance_kpc": 15268.537209974278,
    "shear_phase_cos": 0.5763368386163995,
    "corr_residual_sigmae": -0.2744013538083293,
    "spear_r": -0.48319556212670584,
    "spear_p": 0.0,
    "strata": {
      "p50": {
        "thr": 0.0,
        "spear_r": -0.48319556212670584,
        "p": 0.0,
        "n": 2250000
      },
      "p75": {
        "thr": 0.6710011477520407,
        "spear_r": -0.2923170615200977,
        "p": 0.0,
        "n": 562500
      },
      "p90": {
        "thr": 1.3206760477632293,
        "spear_r": -0.41318695977836845,
        "p": 0.0,
        "n": 225000
      }
    },
    "roi_stats": {
      "global": {
        "pearson_r": -0.2744013538083293,
        "spear_r": -0.48319556212670584,
        "p": 0.0,
        "N": 2250000
      },
      "core_r50": {
        "pearson_r": -0.2477271271461784,
        "spear_r": -0.44230669949468554,
        "p": 0.0,
        "N": 1125005
      },
      "outer_r75": {
        "pearson_r": -0.2847623853220897,
        "spear_r": -0.3932712966360225,
        "p": 0.0,
        "N": 562501
      }
    },
    "partial_r_given_r": {
      "global": -0.1808589897514893,
      "core_r50": -0.11122899605315346,
      "outer_r75": -0.22728446018958676,
      "pvals": {
        "global": 0.0,
        "core_r50": 0.0,
        "outer_r75": 0.0
      },
      "N": {
        "global": 2250000,
        "core_r50": 1125005,
        "outer_r75": 562501
      }
    },
    "shadow_metrics": {
      "S_shadow": {
        "global": 0.36554581792899726,
        "core_r50": NaN,
        "outer_r75": 0.24362919664225655
      },
      "Q2": {
        "global": -0.6114595891415833,
        "outer_r75": -0.6864169026106836
      },
      "v_test": {
        "global": {
          "V": -0.36554581794517993,
          "z": 1.469861195189317,
          "p": 0.22995740216523022
        },
        "outer_r75": {
          "V": -0.24362919665274504,
          "z": 0.4154862982316334,
          "p": 0.6600192364621504
        }
      },
      "rayleigh": {
        "R": 0.3781857031747283,
        "z": 1.573268686943401,
        "p": 0.21053030425106822
      },
      "per_band": {
        "band_8_16": {
          "S": 0.36554581792899726,
          "Q2": -0.6114595891415833,
          "weight_sum": 6.68761635675982,
          "n": 11
        }
      },
      "candidates": [
        {
          "tau": 0.4032221926419578,
          "edge_count": 256,
          "edge_quantile": NaN,
          "S": 0.36554581792899726,
          "Q2": -0.6114595891415833,
          "p_perm": 0.3311337732453509,
          "p_fdr": 0.3311337732453509
        },
        {
          "tau": 0.24608804945363838,
          "edge_count": 9349,
          "edge_quantile": 0.7,
          "S": 0.05185166919277682,
          "Q2": 0.03452780832166513,
          "p_perm": 0.22155568886222757,
          "p_fdr": 0.3311337732453509
        }
      ],
      "bootstrap": {
        "n": 400,
        "S": {
          "mean": 0.3611505350872197,
          "std": 0.014691907581490958,
          "ci95": {
            "low": 0.33823577723762777,
            "high": 0.3777990939002128
          }
        },
        "Q2": {
          "mean": -0.6254554003041635,
          "std": 0.04678314719001365,
          "ci95": {
            "low": -0.6984224049871718,
            "high": -0.5724417277684682
          }
        },