{
  "block_pix": 4,
  "c": 0.6,
  "max_lag": 8,
  "per_cluster": {
    "Abell1689": {
      "N": 173056,
      "N_eff": 10613,
      "aicc": 2403047120.22291,
      "block_pix": 4,
      "chi2": 2403047116.221779,
      "rho_sum_pos": 7.6527519929447205,
      "rhos": [
        0.977860309783816,
        0.9613887254469966,
        0.9580367734703334,
        0.9556073649268303,
        0.9533570633589,
        0.9512230406988261,
        0.9490359161767996,
        0.946242799082218
      ]
    },
    "CL0024": {
      "N": 173056,
      "N_eff": 10731,
      "aicc": 4922228513.553289,
      "block_pix": 4,
      "chi2": 4922228509.552171,
      "rho_sum_pos": 7.563621328830681,
      "rhos": [
        0.9627091506470259,
        0.9509487349471966,
        0.9482819875207162,
        0.9457635222783222,
        0.9429478504939429,
        0.9400980746585605,
        0.9377833124642478,
        0.9350886958206692
      ]
    }
  },
  "rho_sum_pos_mean": 7.608186660887701,
  "sigma0": 0.6,
  "train_clusters": [
    "Abell1689",
    "CL0024"
  ],
  "trim_frac": 0.09,
  "trim_iter": 2
}