{
  "wl": {
    "stats": {
      "ΛCDM": {
        "chi2": 2.5698254597785457e+18,
        "AICc": 2.5698254597785457e+18,
        "rchi2": 1.976788815214266e+16
      },
      "Late‑FDB": {
        "chi2": 2.5698254648139167e+18,
        "AICc": 2.5698254648139167e+18,
        "rchi2": 1.9767888190876284e+16
      }
    }
  },
  "cmb": {
    "lcdm": {
      "ell_peak1": 220,
      "peak1": 767.4748639199553,
      "ell_peak2": 536,
      "peak2": 348.60512272082985
    },
    "late_fdb": {
      "ell_peak1": 220,
      "peak1": 767.4748639199553,
      "ell_peak2": 536,
      "peak2": 348.60512272082985
    }
  }
}