{
  "eps_grid": [
    0.0,
    0.005,
    0.01,
    0.015,
    0.02,
    0.025,
    0.03,
    0.035,
    0.04,
    0.045,
    0.05,
    0.055,
    0.06,
    0.065,
    0.07,
    0.075,
    0.08,
    0.085,
    0.09,
    0.095,
    0.1,
    0.105,
    0.11,
    0.115,
    0.12,
    0.125,
    0.13,
    0.135,
    0.14,
    0.145,
    0.15
  ],
  "kc_grid": [
    0.05,
    0.075,
    0.1,
    0.125,
    0.15,
    0.175,
    0.2,
    0.22499999999999998,
    0.25,
    0.27499999999999997,
    0.3,
    0.32499999999999996,
    0.35,
    0.37499999999999994,
    0.39999999999999997,
    0.42499999999999993,
    0.44999999999999996,
    0.475,
    0.49999999999999994,
    0.525,
    0.5499999999999999,
    0.575,
    0.6
  ],
  "a_on_list": [
    0.03225806451612903,
    0.038461538461538464,
    0.047619047619047616,
    0.0625,
    0.09090909090909091
  ],
  "allowed_any": true,
  "allowed_counts": [
    336,
    418,
    524,
    546,
    546
  ],
  "thresholds": {
    "T_cmb": 0.005,
    "T_bao": 0.03
  }
}