{
  "z_stats": [
    {
      "z": 15,
      "D_ratio": 1.0227114847995167,
      "nu": [
        3.0,
        4.0,
        5.0,
        6.0
      ],
      "mult": [
        1.2185296745884997,
        1.4210112910842312,
        1.731544426111452,
        2.204674300907764
      ]
    },
    {
      "z": 12,
      "D_ratio": 1.027600309280588,
      "nu": [
        3.0,
        4.0,
        5.0,
        6.0
      ],
      "mult": [
        1.2693241712920378,
        1.5280197872433863,
        1.9395524501605472,
        2.5959134043855694
      ]
    },
    {
      "z": 10,
      "D_ratio": 1.0324824176756586,
      "nu": [
        3.0,
        4.0,
        5.0,
        6.0
      ],
      "mult": [
        1.3213984463449362,
        1.6412365705930636,
        2.1687274544661657,
        3.048843746986391
      ]
    }
  ]
}