{
  "A_BTFR_median": 3.22417936e-10,
  "A_BTFR_median_unc": 4.114113842684895e-11,
  "N_used": 135,
  "N_total": 175
}