{
  "lambdaC_kpc_grid": [
    20.0,
    22.74192418751365,
    25.85975578753092,
    29.405030281382288,
    33.43634846953695,
    38.02034510007487,
    43.23279029245046,
    49.159841962279216,
    55.89946994881531,
    63.563075384907755,
    72.27733207643935,
    82.18628032790666,
    93.45370782354986,
    106.26585691826105,
    120.8345030878134,
    137.4004554229468,
    156.23753702792524,
    177.65711111664663,
    202.01322761937328,
    229.7084753697365,
    261.20063660439445,
    297.0102537693723,
    337.7292337068628,
    384.0306314434276,
    436.67977529847127,
    496.5469172029164,
    564.621617328617,
    642.0291007959376,
    730.0488568239393,
    830.1357877535509,
    943.9442575216597,
    1073.355437089822,
    1220.5083988276156,
    1387.835473818065,
    1578.102456515626,
    1794.454321310373,
    2040.4672066598357,
    2320.207526048289,
    2638.299182834439,
    3000.0
  ],
  "misfit": [
    16.42574969099442,
    16.43188774200947,
    16.344939484756612,
    16.344939499373318,
    16.3449395127988,
    16.344939525059747,
    16.344939536202336,
    16.344939546285882,
    16.34493955537779,
    16.344939563549726,
    16.473322881991503,
    17.246568837896543,
    17.733213723590968,
    18.102019312399747,
    18.170721805409233,
    17.73328662232302,
    17.733305794509977,
    17.733322820464853,
    17.733337922499366,
    16.840082167941617,
    16.872015693204254,
    16.49247768869779,
    16.493275523438868,
    16.748448303524153,
    17.181098726145567,
    17.568842868859225,
    17.9156862945497,
    17.733415256240896,
    17.029299155444072,
    17.040317881191278,
    17.050055200810643,
    16.497327760438925,
    17.06624588511838,
    17.07294336884121,
    17.07885014675645,
    17.08405773793548,
    17.088647494244196,
    17.09269162895414,
    17.096254166226473,
    17.099391810789722
  ],
  "lambdaC_kpc_hat": 34.88516172689169,
  "lambdaC_kpc_lo": 27.30138696986114,
  "lambdaC_kpc_hi": 44.57555618162715,
  "m_gamma_kg_hat": 3.267865489840091e-64,
  "m_gamma_kg_lo": 2.5574558318531417e-64,
  "m_gamma_kg_hi": 4.1756126251258925e-64,
  "m_gamma_eV_hat": 1.8331381027312745e-28,
  "m_gamma_eV_lo": 1.43462751021974e-28,
  "m_gamma_eV_hi": 2.3423469017198125e-28,
  "N_galaxies": 171,
  "lambdaC_kpc_bootstrap_lo": 20.0,
  "lambdaC_kpc_bootstrap_hi": 848.3451429164479,
  "lambdaC_samples": [
    25.85975578753092,
    830.1357877535509,
    20.0,
    297.0102537693723,
    25.85975578753092,
    261.20063660439445,
    1073.355437089822,
    1073.355437089822,
    25.85975578753092,
    564.621617328617,
    22.74192418751365,
    20.0,
    1578.102456515626,
    337.7292337068628,
    33.43634846953695,
    20.0,
    20.0,
    1220.5083988276156,
    25.85975578753092,
    33.43634846953695,
    25.85975578753092,
    38.02034510007487,
    25.85975578753092,
    20.0,
    22.74192418751365,
    137.4004554229468,
    20.0,
    25.85975578753092,
    25.85975578753092,
    3000.0,
    3000.0,
    20.0,
    25.85975578753092,
    38.02034510007487,
    943.9442575216597,
    20.0,
    20.0,
    20.0,
    22.74192418751365,
    33.43634846953695,
    20.0,
    297.0102537693723,
    20.0,
    297.0102537693723,
    33.43634846953695,
    20.0,
    20.0,
    20.0,
    20.0,
    1073.355437089822
  ],
  "m_gamma_kg_bootstrap_med": 4.408394922653072e-64,
  "m_gamma_eV_bootstrap_med": 2.4729281941766454e-28,
  "lambdaC_kpc_crossfold": [
    1220.5083988276156,
    20.0
  ],
  "m_gamma_kg_crossfold": [
    9.340371293168058e-66,
    5.700000805739985e-64
  ],
  "m_gamma_eV_crossfold": [
    5.239564040930463e-30,
    3.197465959075395e-28
  ]
}