{
  "lambdaC_kpc_grid": [
    5.0,
    5.300129244034411,
    5.618274000693756,
    5.955515666415034,
    6.313000549374282,
    6.691943765868786,
    7.0936333705829835,
    7.519434734777049,
    7.970795187279995,
    8.449248934062288,
    8.956422273110022,
    9.494039122326315,
    10.063926879249696,
    10.668022632507054,
    11.308379746114321,
    11.987174839005386,
    12.706715183513188,
    13.469446547950861,
    14.277961509950543,
    15.135008268817314,
    16.04349998685225,
    17.00652469139626,
    18.02735577125252,
    19.10946310316559,
    20.25652484617691,
    21.47243994394638,
    22.761341377536546,
    24.12761021370639,
    25.575890496465725,
    27.111105032507943,
    28.73847212417676,
    30.4635233068434,
    32.2921221509849,
    34.230484192873284,
    36.285198061621074,
    38.463247874395705,
    40.7720369759258,
    43.219413102991346,
    45.8136950594337,
    48.563700992355834,
    51.47877836562563,
    54.568835732563684,
    57.8443764158141,
    61.316534208878146,
    64.9971112206623,
    68.8986179916779,
    73.03431601824943,
    77.41826282927495,
    82.0653597687565,
    86.9914026465182,
    92.21313542927672,
    97.74830715456307,
    103.61573226095146,
    109.83535453966175,
    116.42831492490981,
    123.41702335343241,
    130.82523493744102,
    138.67813070992074,
    147.0024032167355,
    155.8263472464715,
    165.17995600641694,
    175.09502307158562,
    185.60525045331804,
    196.74636315479245,
    208.556230602826,
    221.0749953687243,
    234.3452096157096,
    248.41197973671933,
    263.323119674214,
    279.1293134431347,
    295.8842874094412,
    313.64499290981246,
    332.47179983325225,
    352.4287018225951,
    373.58353379340406,
    396.0082025096274,
    419.7789309997556,
    444.9765176442616,
    471.6866108149886,
    500.0
  ],
  "misfit": [
    18.378761818948433,
    18.378762547466167,
    18.35929086463504,
    18.218898374587365,
    18.17066021108623,
    18.170658743767564,
    18.170657407876902,
    17.84890077475019,
    17.731964706593438,
    17.43646005476226,
    17.34087798679446,
    17.261834941803656,
    17.20135392041005,
    17.16117663599235,
    17.14274081893107,
    17.005968633316513,
    16.521066442180647,
    16.407187754790336,
    16.40975397327015,
    16.41241460812659,
    16.415145259473935,
    16.417924004970686,
    16.47463961944151,
    16.423549671329358,
    16.426363902872424,
    16.42916055783979,
    16.43192799826052,
    16.366598774297263,
    16.34493948344507,
    16.344939490271937,
    16.34493949685243,
    16.344939503186872,
    16.34493950927677,
    16.344939515124697,
    16.344939520734115,
    16.344939526109265,
    16.344939531255022,
    16.344939536176796,
    16.344939540880407,
    16.344939545372018,
    16.344939549658072,
    16.344939553745178,
    16.344939557640053,
    16.344939561349527,
    16.344939564880423,
    16.46342426607734,
    16.5140553664841,
    16.88226639744689,
    17.23775337403985,
    17.58066668352403,
    17.7332107219049,
    17.733223562330277,
    17.973998871424197,
    18.170719890916683,
    18.17072107687475,
    18.170722210875713,
    17.733278688869188,
    17.73328808036388,
    17.733296984310442,
    17.733305423608993,
    17.73331342035543,
    17.733320995836735,
    18.170728819426767,
    18.153609227853245,
    17.733341395467274,
    17.733347482686284,
    16.84528311922357,
    16.859956515283386,
    16.873911146566428,
    16.492055501763037,
    16.492452575645252,
    16.492828131371944,
    16.49318328236496,
    16.493519090350635,
    16.73713529629074,
    16.856179380612407,
    17.05314700954338,
    17.240610619178412,
    17.418956106956518,
    17.6637321845186
  ],
  "lambdaC_kpc_hat": 26.952075097393436,
  "lambdaC_kpc_lo": 25.793971986239026,
  "lambdaC_kpc_hi": 28.1621749625484,
  "m_gamma_kg_hat": 4.229730575580979e-64,
  "m_gamma_kg_lo": 4.0479833772215096e-64,
  "m_gamma_kg_hi": 4.419637897397819e-64,
  "m_gamma_eV_hat": 2.3727048455609455e-28,
  "m_gamma_eV_lo": 2.2707521441987773e-28,
  "m_gamma_eV_hi": 2.479235040482504e-28,
  "N_galaxies": 171
}