{
  "lsb": {
    "n": 59,
    "mean": 8.93716202600921,
    "p25": 1.7897878577583257,
    "p50": 4.270549410722617,
    "p75": 9.223973202519186
  },
  "hsb": {
    "n": 59,
    "mean": 16.012760371064914,
    "p25": 4.253811275003891,
    "p50": 9.629860460456033,
    "p75": 17.2339671139662
  }
}