{
  "n": {
    "lsb": 59,
    "hsb": 59
  },
  "ks": {
    "D": 0.35593220338983056,
    "p": 0.0007674484539414236
  },
  "mann_whitney": {
    "U": 1149.0,
    "p_two_sided": 0.0014670567011392244
  },
  "location_shift": 7.075598345055704
}