{
  "n": {
    "lsb": 59,
    "hsb": 59
  },
  "cliffs_delta": -0.3398448721631715,
  "hodges_lehmann": 4.348876340487166,
  "cohens_d": 0.36192378890210103,
  "median_diff_ci": {
    "p2.5": 2.1148956247676516,
    "p50": 5.359311049733416,
    "p97.5": 9.553005987786365
  },
  "interpretation": {
    "direction": "positive means HSB > LSB",
    "magnitude_hint": "|delta|\u22480.11 small, 0.28 medium, 0.43 large (Romano et al.)"
  }
}