metric,value
redchi2_gr,195.818937
redchi2_fdb3,25.895159
improvement,7.561990
a,563.417775
b,0.654878
c,2.996886
